□ 본 서비스에서 제공하는 정보는 법적인 효력이 없으므로 참고용으로만 활용하시기 바랍니다.,,,,,,,,,,,,,,,,,
"□ 신고정보가 실시간 변경, 해제되어 제공시점에 따라 공개건수 및 내용이 상이할 수 있는 점 참고하시기 바랍니다.",,,,,,,,,,,,,,,,,
"□ 본 자료는 계약일 기준입니다. (※ 7월 계약, 8월 신고건 → 7월 거래건으로  제공)",,,,,,,,,,,,,,,,,
"□ 통계자료 활용시에는 수치가 왜곡될 수 있으니 참고자료로만 활용하시기  바라며,  외부 공개시에는 반드시 신고일 기준으로 집계되는 공식통계를 이용하여 주시기 바랍니다.",,,,,,,,,,,,,,,,,
,,,,,,,,,,,,,,,,,
* 국토교통부 실거래가 공개시스템의 궁금하신 점이나 문의사항은 콜센터 1533-2949로 연락 주시기 바랍니다.,,,,,,,,,,,,,,,,,
□ 검색조건,,,,,,,,,,,,,,,,,
계약일자 : 2025-04-21 ~ 2026-04-21,,,,,,,,,,,,,,,,,
실거래구분 : 단독다가구(전월세),,,,,,,,,,,,,,,,,
주소구분 : 지번주소,,,,,,,,,,,,,,,,,
시도 : 인천광역시,,,,,,,,,,,,,,,,,
시군구 : 미추홀구,,,,,,,,,,,,,,,,,
읍면동 : 용현동,,,,,,,,,,,,,,,,,
면적 : 60㎡이하,,,,,,,,,,,,,,,,,
금액선택 : 전체,,,,,,,,,,,,,,,,,
NO,시군구,번지,도로조건,계약면적(㎡),전월세구분,계약년월,계약일,보증금(만원),월세금(만원),건축년도,도로명,계약기간,계약구분,갱신요구권 사용,종전계약 보증금(만원),종전계약 월세(만원),주택유형
1,인천광역시 미추홀구 용현동,5**,25m미만,23,월세,202604,11,500,45,2021,능해길,202604~202704,신규,-,,,단독다가구
2,인천광역시 미추홀구 용현동,4*,8m미만,17,월세,202604,6,300,45,,한나루로463번길,202604~202612,신규,-,,,단독다가구
3,인천광역시 미추홀구 용현동,6**,8m미만,20,월세,202604,4,300,45,2016,낙섬서로10번길,202604~202704,신규,-,,,단독다가구
4,인천광역시 미추홀구 용현동,6**,8m미만,20,전세,202604,4,"4,000",0,2009,낙섬서로18번길,202604~202704,신규,-,,,단독다가구
5,인천광역시 미추홀구 용현동,6**,12m미만,45,월세,202604,3,"1,000",60,2013,낙섬중로35번길,202605~202805,신규,-,,,단독다가구
6,인천광역시 미추홀구 용현동,8*,12m미만,20,월세,202604,3,200,30,1998,한나루로477번길,202604~202701,신규,-,,,단독다가구
7,인천광역시 미추홀구 용현동,6**,8m미만,45,전세,202604,3,"4,000",0,1995,토금북로57번길,202604~202804,갱신,-,"3,500",0,단독다가구
8,인천광역시 미추홀구 용현동,6**,25m미만,50,월세,202603,28,"1,000",60,2016,토금북로,202604~202804,신규,-,,,단독다가구
9,인천광역시 미추홀구 용현동,6**,8m미만,24.5,월세,202603,26,100,35,2009,낙섬서로18번길,202603~202703,신규,-,,,단독다가구
10,인천광역시 미추홀구 용현동,6**,12m미만,47,월세,202603,25,"2,900",25,2016,낙섬중로77번길,202603~202803,신규,-,,,단독다가구
11,인천광역시 미추홀구 용현동,4*,8m미만,14,월세,202603,22,100,24,2014,재넘이길,-,-,-,,,단독다가구
12,인천광역시 미추홀구 용현동,6**,12m미만,30,월세,202603,22,500,38,1988,용오로,202603~202703,신규,-,,,단독다가구
13,인천광역시 미추홀구 용현동,6**,25m미만,50,월세,202603,20,"1,000",60,2013,낙섬중로,202603~202803,신규,-,,,단독다가구
14,인천광역시 미추홀구 용현동,6**,25m미만,15,월세,202603,16,500,55,2015,토금중로29번길,202603~202803,신규,-,,,단독다가구
15,인천광역시 미추홀구 용현동,6*,12m미만,18.91,월세,202603,16,100,27,,경인남길102번길,202604~202701,신규,-,,,단독다가구
16,인천광역시 미추홀구 용현동,4*,8m미만,20,월세,202603,15,300,38,2014,재넘이길,202603~202702,신규,-,,,단독다가구
17,인천광역시 미추홀구 용현동,4*,12m미만,23.1,월세,202603,14,300,45,2001,인하로134번길,202603~202801,신규,-,,,단독다가구
18,인천광역시 미추홀구 용현동,6**,25m미만,30,전세,202603,13,"3,500",0,2002,토금남로,202603~202803,신규,-,,,단독다가구
19,인천광역시 미추홀구 용현동,6**,8m미만,23,월세,202603,11,300,30,2016,낙섬서로18번길,202604~202703,신규,-,,,단독다가구
20,인천광역시 미추홀구 용현동,6**,8m미만,23,월세,202603,11,500,41,1997,낙섬중로59번길,202604~202704,신규,-,,,단독다가구
21,인천광역시 미추홀구 용현동,8*,8m미만,20,월세,202603,10,300,35,,재넘이길,202603~202702,신규,-,,,단독다가구
22,인천광역시 미추홀구 용현동,6**,12m미만,16,월세,202603,10,300,35,2019,토금북로28번길,202603~202703,신규,-,,,단독다가구
23,인천광역시 미추홀구 용현동,4*,8m미만,27,월세,202603,9,300,45,,한나루로457번길,202603~202703,신규,-,,,단독다가구
24,인천광역시 미추홀구 용현동,8*,8m미만,25,월세,202603,9,200,32,2002,재넘이길,202603~202701,신규,-,,,단독다가구
25,인천광역시 미추홀구 용현동,3*,12m미만,17,월세,202603,9,300,38,1997,인하로163번길,202603~202702,신규,-,,,단독다가구
26,인천광역시 미추홀구 용현동,9*,8m미만,33,월세,202603,9,300,45,1990,인하로119번길,202603~202703,신규,-,,,단독다가구
27,인천광역시 미추홀구 용현동,6**,12m미만,23,월세,202603,7,300,30,2000,아암대로91번길,202603~202703,신규,-,,,단독다가구
28,인천광역시 미추홀구 용현동,9*,12m미만,15,월세,202603,7,300,45,2018,경인남길102번길,-,-,-,,,단독다가구
29,인천광역시 미추홀구 용현동,5**,8m미만,23.14,월세,202603,5,300,35,2002,능해길46번길,202603~202703,신규,-,,,단독다가구
30,인천광역시 미추홀구 용현동,9*,8m미만,20,월세,202603,5,50,40,2002,인하로91번길,202603~202607,신규,-,,,단독다가구
31,인천광역시 미추홀구 용현동,6**,8m미만,45,월세,202603,5,"1,000",60,2018,낙섬서로10번길,202604~202804,신규,-,,,단독다가구
32,인천광역시 미추홀구 용현동,6**,25m미만,45,월세,202603,4,"1,000",65,2018,토금남로,202603~202803,신규,-,,,단독다가구
33,인천광역시 미추홀구 용현동,6**,8m미만,27.96,월세,202603,4,300,35,2019,낙섬서로18번길,202603~202703,신규,-,,,단독다가구
34,인천광역시 미추홀구 용현동,3*,12m미만,23,월세,202603,4,200,25,2002,한나루로477번길,202603~202702,신규,-,,,단독다가구
35,인천광역시 미추홀구 용현동,6**,8m미만,26,월세,202603,3,300,30,2009,토금남로17번길,202603~202703,신규,-,,,단독다가구
36,인천광역시 미추홀구 용현동,6**,8m미만,20,월세,202603,3,300,40,2017,낙섬중로67번길,202603~202703,신규,-,,,단독다가구
37,인천광역시 미추홀구 용현동,9*,8m미만,20,월세,202603,2,100,30,2001,경인남길118번길,202603~202703,신규,-,,,단독다가구
38,인천광역시 미추홀구 용현동,9*,12m미만,34,월세,202603,1,300,60,2016,한나루로489번길,202603~202702,신규,-,,,단독다가구
39,인천광역시 미추홀구 용현동,1**,8m미만,16.5,월세,202602,28,200,37,2019,인하로77번길,202603~202701,신규,-,,,단독다가구
40,인천광역시 미추홀구 용현동,9*,12m미만,22,월세,202602,28,300,37,2001,인하로47번길,202603~202702,신규,-,,,단독다가구
41,인천광역시 미추홀구 용현동,1**,12m미만,18,월세,202602,28,300,42,2003,경인남길,202603~202702,신규,-,,,단독다가구
42,인천광역시 미추홀구 용현동,4*,8m미만,26,월세,202602,27,200,44,1993,한나루로463번길,202603~202701,신규,-,,,단독다가구
43,인천광역시 미추홀구 용현동,8*,8m미만,15,월세,202602,27,100,29,2009,인하로120번길,202603~202702,신규,-,,,단독다가구
44,인천광역시 미추홀구 용현동,6**,8m미만,22,월세,202602,26,300,40,2015,낙섬서로18번길,202602~202702,신규,-,,,단독다가구
45,인천광역시 미추홀구 용현동,6**,8m미만,32.04,월세,202602,26,300,40,1999,토금남로27번길,202602~202702,신규,-,,,단독다가구
46,인천광역시 미추홀구 용현동,5**,8m미만,29.7,월세,202602,26,300,45,2019,낙섬중로,202602~202802,신규,-,,,단독다가구
47,인천광역시 미추홀구 용현동,3*,12m미만,18.18,월세,202602,25,300,37,1997,인하로163번길,202603~202702,신규,-,,,단독다가구
48,인천광역시 미추홀구 용현동,4*,8m미만,20,월세,202602,25,300,50,2019,한나루로457번길,202603~202703,신규,-,,,단독다가구
49,인천광역시 미추홀구 용현동,8*,8m미만,25,월세,202602,25,200,50,2002,재넘이길,202603~202702,신규,-,,,단독다가구
50,인천광역시 미추홀구 용현동,8*,8m미만,26,월세,202602,25,300,47,2002,재넘이길,202602~202702,신규,-,,,단독다가구
51,인천광역시 미추홀구 용현동,4*,8m미만,28.7,월세,202602,24,300,50,2019,한나루로457번길,202602~202606,신규,-,,,단독다가구
52,인천광역시 미추홀구 용현동,5**,12m미만,40,월세,202602,24,500,53,1998,능해길46번길,202603~202803,신규,-,,,단독다가구
53,인천광역시 미추홀구 용현동,8*,8m미만,20,월세,202602,23,300,40,2002,재넘이길,202602~202702,신규,-,,,단독다가구
54,인천광역시 미추홀구 용현동,6**,8m미만,49.26,월세,202602,23,500,40,1980,낙섬중로59번길,202603~202803,신규,-,,,단독다가구
55,인천광역시 미추홀구 용현동,6**,8m미만,17,월세,202602,22,500,40,2021,낙섬중로67번길,202602~202702,신규,-,,,단독다가구
56,인천광역시 미추홀구 용현동,1**,8m미만,23,월세,202602,22,300,35,2002,인하로67번길,202602~202702,신규,-,,,단독다가구
57,인천광역시 미추홀구 용현동,1**,8m미만,20,월세,202602,22,300,45,2002,인하로67번길,202602~202701,신규,-,,,단독다가구
58,인천광역시 미추홀구 용현동,4*,12m미만,20,월세,202602,22,200,30,2015,인하로134번길,-,-,-,,,단독다가구
59,인천광역시 미추홀구 용현동,4*,8m미만,14.88,월세,202602,21,300,40,,한나루로463번길,202602~202701,신규,-,,,단독다가구
60,인천광역시 미추홀구 용현동,1**,12m미만,25,전세,202602,21,"4,000",0,2001,경인남길,202602~202701,신규,-,,,단독다가구
61,인천광역시 미추홀구 용현동,1**,12m미만,18,월세,202602,21,300,40,1996,경인남길,202602~202702,신규,-,,,단독다가구
62,인천광역시 미추홀구 용현동,6**,8m미만,20,월세,202602,21,300,39,2016,낙섬중로59번길,202603~202802,신규,-,,,단독다가구
63,인천광역시 미추홀구 용현동,1**,8m미만,25,월세,202602,21,300,40,2001,인하로67번길,202602~202702,신규,-,,,단독다가구
64,인천광역시 미추홀구 용현동,9*,12m미만,45,월세,202602,21,500,71,2016,한나루로489번길,202603~202701,신규,-,,,단독다가구
65,인천광역시 미추홀구 용현동,1**,8m미만,25,월세,202602,20,300,37,2001,인하로67번길,202602~202702,신규,-,,,단독다가구
66,인천광역시 미추홀구 용현동,1**,12m미만,21.45,월세,202602,20,300,45,2002,인하로47번길,202602~202701,신규,-,,,단독다가구
67,인천광역시 미추홀구 용현동,1**,8m미만,20,월세,202602,20,150,35,2002,경인남길30번길,202602~202701,신규,-,,,단독다가구
68,인천광역시 미추홀구 용현동,6**,8m미만,54.16,월세,202602,20,"1,000",55,2014,낙섬서로18번길,202603~202803,신규,-,,,단독다가구
69,인천광역시 미추홀구 용현동,8*,8m미만,20,월세,202602,20,200,30,2004,한나루로463번길,202602~202702,신규,-,,,단독다가구
70,인천광역시 미추홀구 용현동,1**,12m미만,18.2,월세,202602,20,300,47,2018,인하로47번길,202602~202701,신규,-,,,단독다가구
71,인천광역시 미추홀구 용현동,6**,12m미만,18,월세,202602,19,500,36,2019,토금북로27번길,202602~202702,신규,-,,,단독다가구
72,인천광역시 미추홀구 용현동,1**,12m미만,20,월세,202602,17,300,35,1996,경인남길,202602~202702,신규,-,,,단독다가구
73,인천광역시 미추홀구 용현동,4*,8m미만,20,월세,202602,16,300,39,,재넘이길,202603~202612,신규,-,,,단독다가구
74,인천광역시 미추홀구 용현동,6**,8m미만,20,월세,202602,14,500,45,2019,토금중로47번길,202602~202702,신규,-,,,단독다가구
75,인천광역시 미추홀구 용현동,8*,8m미만,28,월세,202602,14,500,50,1996,재넘이길,202602~202702,신규,-,,,단독다가구
76,인천광역시 미추홀구 용현동,8*,8m미만,20,월세,202602,14,300,30,2002,인하로134번길,-,-,-,,,단독다가구
77,인천광역시 미추홀구 용현동,6**,25m미만,21.68,전세,202602,14,"9,300",0,,용정공원로83번길,202603~202803,신규,-,,,단독다가구
78,인천광역시 미추홀구 용현동,8*,12m미만,20,월세,202602,13,300,38,1997,한나루로477번길,202602~202702,신규,-,,,단독다가구
79,인천광역시 미추홀구 용현동,1**,12m미만,17,월세,202602,13,300,38,,경인남길,202602~202701,신규,-,,,단독다가구
80,인천광역시 미추홀구 용현동,6**,8m미만,26.4,월세,202602,13,500,47,2019,토금중로47번길,202603~202703,신규,-,,,단독다가구
81,인천광역시 미추홀구 용현동,1**,12m미만,24,월세,202602,13,300,47,2000,인주대로224번길,202602~202702,신규,-,,,단독다가구
82,인천광역시 미추홀구 용현동,6**,8m미만,27.9,월세,202602,12,500,50,2016,낙섬서로18번길,202602~202802,신규,-,,,단독다가구
83,인천광역시 미추홀구 용현동,1**,12m미만,17,월세,202602,12,300,38,,경인남길,202602~202701,신규,-,,,단독다가구
84,인천광역시 미추홀구 용현동,2*,12m미만,21.6,월세,202602,12,500,43,2001,한나루로477번길,202602~202702,신규,-,,,단독다가구
85,인천광역시 미추홀구 용현동,7*,8m미만,18,월세,202602,12,300,36,,인하로119번길,202602~202702,신규,-,,,단독다가구
86,인천광역시 미추홀구 용현동,1**,8m미만,16,월세,202602,11,100,35,1977,재넘이길,-,-,-,,,단독다가구
87,인천광역시 미추홀구 용현동,1**,8m미만,16,월세,202602,11,100,30,1977,재넘이길,202602~202702,신규,-,,,단독다가구
88,인천광역시 미추홀구 용현동,2*,12m미만,48.6,월세,202602,11,500,54,1994,한나루로477번길,202602~202801,신규,-,,,단독다가구
89,인천광역시 미추홀구 용현동,1**,12m미만,16,월세,202602,10,100,42,2016,인하로47번길,202602~202707,신규,-,,,단독다가구
90,인천광역시 미추홀구 용현동,7*,8m미만,16,월세,202602,10,200,32,2001,인하로91번길,202602~202702,신규,-,,,단독다가구
91,인천광역시 미추홀구 용현동,5*,12m미만,18,월세,202602,9,200,25,2010,한나루로477번길,202602~202702,신규,-,,,단독다가구
92,인천광역시 미추홀구 용현동,9*,8m미만,20,월세,202602,7,300,30,1974,경인남길102번길,202602~202702,신규,-,,,단독다가구
93,인천광역시 미추홀구 용현동,6**,8m미만,32.2,월세,202602,7,500,47,2018,토금남로27번길,202602~202702,신규,-,,,단독다가구
94,인천광역시 미추홀구 용현동,1**,12m미만,20,월세,202602,7,300,40,1977,인하로47번길,202602~202702,신규,-,,,단독다가구
95,인천광역시 미추홀구 용현동,1**,12m미만,19.8,월세,202602,7,300,45,2002,인하로47번길,202602~202702,신규,-,,,단독다가구
96,인천광역시 미추홀구 용현동,7*,8m미만,18,월세,202602,6,300,36,2018,인하로119번길,202602~202702,신규,-,,,단독다가구
97,인천광역시 미추홀구 용현동,1**,25m이상,27,월세,202602,6,300,55,1997,인하로,202602~202702,신규,-,,,단독다가구
98,인천광역시 미추홀구 용현동,3*,12m미만,18,월세,202602,6,300,38,1997,인하로163번길,202602~202702,신규,-,,,단독다가구
99,인천광역시 미추홀구 용현동,4*,8m미만,20,월세,202602,6,300,38,2014,재넘이길,202602~202702,신규,-,,,단독다가구
100,인천광역시 미추홀구 용현동,1**,8m미만,19,월세,202602,6,300,33,1994,경인남길30번길,202602~202701,신규,-,,,단독다가구
101,인천광역시 미추홀구 용현동,8*,8m미만,19.83,월세,202602,5,300,40,1996,한나루로463번길,202602~202702,신규,-,,,단독다가구
102,인천광역시 미추홀구 용현동,8*,8m미만,20,월세,202602,5,300,35,1990,인하로120번길,202602~202702,신규,-,,,단독다가구
103,인천광역시 미추홀구 용현동,6**,12m미만,45.36,월세,202602,4,500,60,1979,토금북로27번길,202602~202702,신규,-,,,단독다가구
104,인천광역시 미추홀구 용현동,6**,8m미만,49,전세,202602,4,"5,000",0,2001,낙섬중로46번길,-,-,-,,,단독다가구
105,인천광역시 미추홀구 용현동,9*,8m미만,15,월세,202602,4,100,37,1996,경인남길118번길,202602~202702,신규,-,,,단독다가구
106,인천광역시 미추홀구 용현동,6**,12m미만,47,전세,202602,3,"8,800",0,2016,낙섬중로77번길,202602~202802,신규,-,,,단독다가구
107,인천광역시 미추홀구 용현동,1**,12m미만,18,전세,202602,3,"3,500",0,1983,경인남길102번길,202602~202702,신규,-,,,단독다가구
108,인천광역시 미추홀구 용현동,6**,8m미만,18,월세,202602,2,300,43,2015,낙섬서로18번길,202602~202802,신규,-,,,단독다가구
109,인천광역시 미추홀구 용현동,6**,8m미만,20,월세,202602,2,100,30,2001,낙섬서로49번길,202602~202702,신규,-,,,단독다가구
110,인천광역시 미추홀구 용현동,5**,8m미만,21.8,월세,202602,2,200,40,2015,낙섬중로,202602~202702,신규,-,,,단독다가구
111,인천광역시 미추홀구 용현동,1**,12m미만,17,월세,202602,1,300,49,1995,경인남길30번길,202602~202702,신규,-,,,단독다가구
112,인천광역시 미추홀구 용현동,8*,8m미만,26,월세,202602,1,200,40,2002,재넘이길,202602~202702,신규,-,,,단독다가구
113,인천광역시 미추홀구 용현동,1**,12m미만,30,월세,202601,31,300,46,2006,경인남길30번길,202601~202701,신규,-,,,단독다가구
114,인천광역시 미추홀구 용현동,1**,12m미만,16,월세,202601,31,"2,500",15,1997,인하로47번길,202602~202802,신규,-,,,단독다가구
115,인천광역시 미추홀구 용현동,6**,8m미만,20,월세,202601,31,500,40,2021,낙섬중로67번길,202602~202702,신규,-,,,단독다가구
116,인천광역시 미추홀구 용현동,6**,8m미만,16.55,전세,202601,30,"2,500",0,2009,낙섬서로18번길,202602~202802,신규,-,,,단독다가구
117,인천광역시 미추홀구 용현동,8*,12m미만,16.52,월세,202601,30,300,30,1997,한나루로477번길,202602~202701,신규,-,,,단독다가구
118,인천광역시 미추홀구 용현동,1**,12m미만,20,월세,202601,30,300,42,2003,경인남길,202602~202702,신규,-,,,단독다가구
119,인천광역시 미추홀구 용현동,6**,8m미만,40,월세,202601,29,500,68,2019,재넘이길,202602~202702,신규,-,,,단독다가구
120,인천광역시 미추홀구 용현동,1**,8m미만,59.5,월세,202601,29,"2,000",50,1975,수봉남로6번길,202603~202703,신규,-,,,단독다가구
121,인천광역시 미추홀구 용현동,8*,25m이상,33,월세,202601,27,400,55,1972,인하로,202601~202701,신규,-,,,단독다가구
122,인천광역시 미추홀구 용현동,1**,12m미만,20,월세,202601,27,"1,000",30,1996,경인남길102번길,202602~202702,신규,-,,,단독다가구
123,인천광역시 미추홀구 용현동,1**,12m미만,35,월세,202601,27,500,60,1991,경인남길,202602~202702,신규,-,,,단독다가구
124,인천광역시 미추홀구 용현동,1**,8m미만,17,월세,202601,26,300,38,1993,인하로77번길,202602~202702,신규,-,,,단독다가구
125,인천광역시 미추홀구 용현동,3*,12m미만,18.18,월세,202601,26,300,36,1997,인하로163번길,202602~202702,신규,-,,,단독다가구
126,인천광역시 미추홀구 용현동,8*,8m미만,21,월세,202601,25,200,30,1997,한나루로463번길,202602~202702,신규,-,,,단독다가구
127,인천광역시 미추홀구 용현동,9*,12m미만,22,월세,202601,25,300,40,2001,인하로47번길,202601~202701,신규,-,,,단독다가구
128,인천광역시 미추홀구 용현동,7*,8m미만,20,월세,202601,24,200,30,2001,인하로91번길,202601~202701,신규,-,,,단독다가구
129,인천광역시 미추홀구 용현동,1**,12m미만,22,월세,202601,24,200,32,1993,경인남길30번길,202602~202702,신규,-,,,단독다가구
130,인천광역시 미추홀구 용현동,1**,12m미만,20,월세,202601,24,200,30,2002,인주대로224번길,202601~202701,신규,-,,,단독다가구
131,인천광역시 미추홀구 용현동,1**,12m미만,19,월세,202601,24,300,41,1997,인하로47번길,202602~202701,신규,-,,,단독다가구
132,인천광역시 미추홀구 용현동,1**,12m미만,17,월세,202601,24,300,45,1995,경인남길30번길,202602~202702,신규,-,,,단독다가구
133,인천광역시 미추홀구 용현동,6**,25m미만,28,월세,202601,24,300,32,2002,토금남로,202601~202701,신규,-,,,단독다가구
134,인천광역시 미추홀구 용현동,8*,12m미만,22.59,월세,202601,23,300,45,2008,한나루로477번길,202602~202702,신규,-,,,단독다가구
135,인천광역시 미추홀구 용현동,1**,8m미만,18,월세,202601,23,300,39,2002,인하로91번길,202602~202702,신규,-,,,단독다가구
136,인천광역시 미추홀구 용현동,9*,12m미만,23,월세,202601,22,300,37,2001,인하로47번길,202602~202702,신규,-,,,단독다가구
137,인천광역시 미추홀구 용현동,1**,12m미만,16.52,월세,202601,22,300,44,1997,인하로47번길,202601~202607,신규,-,,,단독다가구
138,인천광역시 미추홀구 용현동,2*,12m미만,20,월세,202601,21,300,32,1994,한나루로477번길,202602~202702,신규,-,,,단독다가구
139,인천광역시 미추홀구 용현동,6**,8m미만,27.73,월세,202601,21,"1,000",40,2019,매소홀로,202601~202701,신규,-,,,단독다가구
140,인천광역시 미추홀구 용현동,6**,8m미만,30,월세,202601,21,300,33,2014,낙섬서로18번길,202602~202702,신규,-,,,단독다가구
141,인천광역시 미추홀구 용현동,1**,12m미만,18,월세,202601,20,300,47,,인하로47번길,202602~202702,신규,-,,,단독다가구
142,인천광역시 미추홀구 용현동,8*,8m미만,18.22,월세,202601,20,300,45,2014,재넘이길,202602~202701,신규,-,,,단독다가구
143,인천광역시 미추홀구 용현동,6**,8m미만,20,월세,202601,20,50,40,2009,낙섬서로18번길,202601~202801,신규,-,,,단독다가구
144,인천광역시 미추홀구 용현동,6**,8m미만,18,월세,202601,19,500,40,2015,낙섬서로18번길,202601~202701,신규,-,,,단독다가구
145,인천광역시 미추홀구 용현동,4*,8m미만,22.19,월세,202601,19,100,24,2014,재넘이길,202601~202607,신규,-,,,단독다가구
146,인천광역시 미추홀구 용현동,5*,25m이상,24,전세,202601,19,"5,000",0,2009,인하로,202602~202902,신규,-,,,단독다가구
147,인천광역시 미추홀구 용현동,1**,12m미만,20,월세,202601,19,500,61,1993,경인남길102번길,202602~202702,신규,-,,,단독다가구
148,인천광역시 미추홀구 용현동,1**,12m미만,20,월세,202601,19,500,61,1993,경인남길102번길,202602~202702,신규,-,,,단독다가구
149,인천광역시 미추홀구 용현동,5**,8m미만,29.04,월세,202601,18,300,45,2019,낙섬중로,202602~202701,신규,-,,,단독다가구
150,인천광역시 미추홀구 용현동,4*,8m미만,30,월세,202601,18,500,90,2017,한나루로463번길,202602~202702,신규,-,,,단독다가구
151,인천광역시 미추홀구 용현동,9*,8m미만,45.98,월세,202601,17,500,70,2016,인하로105번길,202602~202701,신규,-,,,단독다가구
152,인천광역시 미추홀구 용현동,3*,8m미만,48,월세,202601,17,"1,000",50,1974,인하로147번길,-,-,-,,,단독다가구
153,인천광역시 미추홀구 용현동,1**,12m미만,18,전세,202601,17,"4,000",0,1997,인하로47번길,202602~202702,신규,-,,,단독다가구
154,인천광역시 미추홀구 용현동,1**,12m미만,15,월세,202601,17,300,35,1991,인하로47번길,202601~202701,신규,-,,,단독다가구
155,인천광역시 미추홀구 용현동,8*,8m미만,26,월세,202601,16,200,40,2002,재넘이길,202602~202701,신규,-,,,단독다가구
156,인천광역시 미추홀구 용현동,1**,8m미만,23,전세,202601,16,"6,000",0,2003,인주대로198번길,202602~202802,신규,-,,,단독다가구
157,인천광역시 미추홀구 용현동,1**,12m미만,28,월세,202601,16,300,40,2000,인주대로224번길,202601~202701,신규,-,,,단독다가구
158,인천광역시 미추홀구 용현동,8*,8m미만,24,월세,202601,16,300,40,2003,인하로120번길,202601~202701,신규,-,,,단독다가구
159,인천광역시 미추홀구 용현동,1**,12m미만,25,월세,202601,15,300,40,2001,경인남길,202601~202701,신규,-,,,단독다가구
160,인천광역시 미추홀구 용현동,9*,12m미만,21,월세,202601,15,300,45,1997,인하로105번길,202601~202701,신규,-,,,단독다가구
161,인천광역시 미추홀구 용현동,1**,8m미만,26.94,월세,202601,15,500,56,2018,경인남길118번길,202602~202702,신규,-,,,단독다가구
162,인천광역시 미추홀구 용현동,9*,12m미만,25,월세,202601,15,300,50,1997,인하로105번길,202602~202701,신규,-,,,단독다가구
163,인천광역시 미추홀구 용현동,9*,12m미만,25,월세,202601,15,300,40,2001,인주대로224번길,202601~202701,신규,-,,,단독다가구
164,인천광역시 미추홀구 용현동,7*,8m미만,22,전세,202601,14,"4,500",0,1997,인하로91번길,-,-,-,,,단독다가구
165,인천광역시 미추홀구 용현동,8*,8m미만,50,월세,202601,14,200,34,2002,재넘이길,202601~202607,신규,-,,,단독다가구
166,인천광역시 미추홀구 용현동,5*,12m미만,15,월세,202601,13,300,40,2019,한나루로477번길,202602~202702,신규,-,,,단독다가구
167,인천광역시 미추홀구 용현동,1**,12m미만,28,월세,202601,13,300,40,,인주대로224번길,202601~202701,신규,-,,,단독다가구
168,인천광역시 미추홀구 용현동,1**,12m미만,28,월세,202601,13,300,42,,인주대로224번길,202601~202701,신규,-,,,단독다가구
169,인천광역시 미추홀구 용현동,6**,8m미만,20,월세,202601,12,500,45,2017,토금북로28번길,202601~202701,신규,-,,,단독다가구
170,인천광역시 미추홀구 용현동,9*,12m미만,20,월세,202601,12,300,40,2001,인하로47번길,202602~202702,신규,-,,,단독다가구
171,인천광역시 미추홀구 용현동,1**,8m미만,19,전세,202601,11,"7,000",0,2002,인하로91번길,202602~202802,신규,-,,,단독다가구
172,인천광역시 미추홀구 용현동,9*,8m미만,18,월세,202601,11,300,37,2015,인하로105번길,202601~202701,신규,-,,,단독다가구
173,인천광역시 미추홀구 용현동,4*,8m미만,20,월세,202601,10,300,43,,한나루로463번길,202602~202701,신규,-,,,단독다가구
174,인천광역시 미추홀구 용현동,9*,12m미만,20,월세,202601,10,500,48,,인하로105번길,202602~202702,신규,-,,,단독다가구
175,인천광역시 미추홀구 용현동,1**,12m미만,16.22,월세,202601,10,300,41,,인하로47번길,202602~202702,신규,-,,,단독다가구
176,인천광역시 미추홀구 용현동,1**,12m미만,15,월세,202601,10,200,45,2002,인하로47번길,202601~202701,신규,-,,,단독다가구
177,인천광역시 미추홀구 용현동,1**,12m미만,15,월세,202601,10,300,50,2001,경인남길30번길,202601~202701,신규,-,,,단독다가구
178,인천광역시 미추홀구 용현동,1**,8m미만,19,월세,202601,10,300,37,1996,인하로91번길,202601~202701,신규,-,,,단독다가구
179,인천광역시 미추홀구 용현동,1**,12m미만,23,월세,202601,10,300,55,2002,인하로47번길,202601~202701,신규,-,,,단독다가구
180,인천광역시 미추홀구 용현동,1**,8m미만,18,월세,202601,9,300,38,2002,경인남길30번길,202602~202702,신규,-,,,단독다가구
181,인천광역시 미추홀구 용현동,1**,12m미만,20,월세,202601,9,"1,000",30,1996,경인남길102번길,202602~202702,신규,-,,,단독다가구
182,인천광역시 미추홀구 용현동,6**,8m미만,29.75,월세,202601,9,500,55,1998,토금남로13번길,202601~202701,신규,-,,,단독다가구
183,인천광역시 미추홀구 용현동,1**,12m미만,17.65,월세,202601,8,300,41,2012,인하로47번길,202602~202702,신규,-,,,단독다가구
184,인천광역시 미추홀구 용현동,8*,8m미만,20,월세,202601,8,100,30,2002,인하로120번길,202601~202701,신규,-,,,단독다가구
185,인천광역시 미추홀구 용현동,6**,25m미만,40,월세,202601,8,500,50,1994,낙섬동로,202602~202802,신규,-,,,단독다가구
186,인천광역시 미추홀구 용현동,9*,12m미만,38.8,전세,202601,8,"8,000",0,1994,한나루로489번길,202601~202802,신규,-,,,단독다가구
187,인천광역시 미추홀구 용현동,9*,12m미만,17,월세,202601,8,200,29,1996,경인남길102번길,202601~202701,신규,-,,,단독다가구
188,인천광역시 미추홀구 용현동,8*,12m미만,20,월세,202601,8,300,40,1997,한나루로477번길,202602~202702,신규,-,,,단독다가구
189,인천광역시 미추홀구 용현동,6**,8m미만,23,월세,202601,8,100,30,2001,토금북로57번길,202601~202701,신규,-,,,단독다가구
190,인천광역시 미추홀구 용현동,5**,8m미만,17,월세,202601,7,300,35,2018,능해길60번길,202602~202702,신규,-,,,단독다가구
191,인천광역시 미추홀구 용현동,1**,12m미만,18.2,월세,202601,7,300,47,2018,인하로47번길,202602~202701,신규,-,,,단독다가구
192,인천광역시 미추홀구 용현동,8*,12m미만,15,월세,202601,6,300,32,1997,한나루로477번길,202602~202702,신규,-,,,단독다가구
193,인천광역시 미추홀구 용현동,1**,12m미만,35,월세,202601,6,500,75,1992,경인남길30번길,202601~202701,신규,-,,,단독다가구
194,인천광역시 미추홀구 용현동,9*,12m미만,19.22,월세,202601,5,300,30,2002,인하로47번길,202601~202701,신규,-,,,단독다가구
195,인천광역시 미추홀구 용현동,1**,12m미만,20,월세,202601,5,300,30,2001,경인남길102번길,202602~202702,신규,-,,,단독다가구
196,인천광역시 미추홀구 용현동,1**,12m미만,21.45,월세,202601,5,500,53,2002,인주대로224번길,202602~202702,신규,-,,,단독다가구
197,인천광역시 미추홀구 용현동,6**,25m미만,49.02,월세,202601,5,500,45,1980,낙섬중로,202601~202801,신규,-,,,단독다가구
198,인천광역시 미추홀구 용현동,6**,8m미만,50,월세,202601,4,"1,000",20,1995,낙섬동로76번길,202601~202801,신규,-,,,단독다가구
199,인천광역시 미추홀구 용현동,1**,12m미만,20,월세,202601,4,300,42,2002,인하로47번길,202602~202701,신규,-,,,단독다가구
200,인천광역시 미추홀구 용현동,6**,8m미만,40,월세,202601,4,500,70,2019,재넘이길,202602~202702,신규,-,,,단독다가구
201,인천광역시 미추홀구 용현동,8*,8m미만,15,월세,202601,4,300,40,1993,재넘이길,202601~202701,신규,-,,,단독다가구
202,인천광역시 미추홀구 용현동,8*,8m미만,15,월세,202601,3,300,35,2016,재넘이길,202601~202701,신규,-,,,단독다가구
203,인천광역시 미추홀구 용현동,8*,12m미만,15,월세,202601,3,300,33,,한나루로477번길,202602~202701,신규,-,,,단독다가구
204,인천광역시 미추홀구 용현동,1**,8m미만,20,월세,202601,3,300,34,2015,경인남길118번길,202601~202701,신규,-,,,단독다가구
205,인천광역시 미추홀구 용현동,9*,8m미만,23.1,월세,202601,3,300,40,1984,인하로119번길,202601~202701,신규,-,,,단독다가구
206,인천광역시 미추홀구 용현동,3*,12m미만,21,월세,202601,2,300,37,1997,인하로163번길,202601~202701,신규,-,,,단독다가구
207,인천광역시 미추홀구 용현동,1**,12m미만,20.21,월세,202601,2,500,35,2017,경인남길,202602~202702,신규,-,,,단독다가구
208,인천광역시 미추홀구 용현동,1**,12m미만,23,월세,202512,31,300,55,2002,인하로47번길,202601~202701,신규,-,,,단독다가구
209,인천광역시 미추홀구 용현동,6**,8m미만,42,월세,202512,31,500,45,2008,낙섬서로10번길,202601~202701,신규,-,,,단독다가구
210,인천광역시 미추홀구 용현동,6**,8m미만,24,월세,202512,30,300,34,2010,낙섬서로10번길,202601~202801,신규,-,,,단독다가구
211,인천광역시 미추홀구 용현동,1**,12m미만,20,월세,202512,30,300,42,2003,경인남길,202601~202701,신규,-,,,단독다가구
212,인천광역시 미추홀구 용현동,6**,8m미만,20,월세,202512,30,500,45,2017,토금북로28번길,202601~202701,신규,-,,,단독다가구
213,인천광역시 미추홀구 용현동,9*,12m미만,24,월세,202512,29,200,42,2002,인하로105번길,202601~202701,신규,-,,,단독다가구
214,인천광역시 미추홀구 용현동,2**,8m미만,20,월세,202512,29,100,20,1977,비룡길78번길,202512~202712,신규,-,,,단독다가구
215,인천광역시 미추홀구 용현동,5**,12m미만,20,월세,202512,29,500,33,2001,독배로403번길,202601~202801,신규,-,,,단독다가구
216,인천광역시 미추홀구 용현동,1**,25m이상,22,월세,202512,28,300,51,2017,경인남길30번길,202602~202702,신규,-,,,단독다가구
217,인천광역시 미추홀구 용현동,1**,8m미만,20,월세,202512,27,300,40,2002,인하로67번길,202602~202702,신규,-,,,단독다가구
218,인천광역시 미추홀구 용현동,1**,12m미만,16,월세,202512,27,250,30,2017,경인남길30번길,202602~202702,신규,-,,,단독다가구
219,인천광역시 미추홀구 용현동,1**,12m미만,16,월세,202512,27,250,30,2017,경인남길30번길,202602~202702,신규,-,,,단독다가구
220,인천광역시 미추홀구 용현동,1**,12m미만,20,월세,202512,27,500,57,,인하로47번길,202601~202701,신규,-,,,단독다가구
221,인천광역시 미추홀구 용현동,8*,12m미만,22,월세,202512,26,300,60,1995,한나루로477번길,202602~202702,신규,-,,,단독다가구
222,인천광역시 미추홀구 용현동,8*,8m미만,40,월세,202512,26,300,46,2016,재넘이길,202512~202612,신규,-,,,단독다가구
223,인천광역시 미추홀구 용현동,6*,25m미만,24,월세,202512,25,200,30,2003,한나루로489번길,202602~202702,신규,-,,,단독다가구
224,인천광역시 미추홀구 용현동,1**,25m이상,25,월세,202512,24,300,40,1997,인하로,-,-,-,,,단독다가구
225,인천광역시 미추홀구 용현동,5**,8m미만,17,월세,202512,24,300,35,2018,능해길60번길,202512~202606,신규,-,,,단독다가구
226,인천광역시 미추홀구 용현동,4*,-,18,월세,202512,23,300,45,,,-,-,-,,,단독다가구
227,인천광역시 미추홀구 용현동,4*,12m미만,23.1,월세,202512,23,300,35,2001,인하로134번길,202602~202702,신규,-,,,단독다가구
228,인천광역시 미추홀구 용현동,1**,8m미만,23,월세,202512,23,200,35,1991,인하로67번길,202601~202701,신규,-,,,단독다가구
229,인천광역시 미추홀구 용현동,1**,12m미만,21.45,월세,202512,22,300,35,2002,인하로47번길,202602~202702,신규,-,,,단독다가구
230,인천광역시 미추홀구 용현동,1**,8m미만,23,월세,202512,22,300,40,2015,경인남길30번길,202601~202701,신규,-,,,단독다가구
231,인천광역시 미추홀구 용현동,9*,8m미만,20,월세,202512,22,100,30,2001,경인남길118번길,202601~202701,신규,-,,,단독다가구
232,인천광역시 미추홀구 용현동,4*,12m미만,48,월세,202512,22,500,50,1985,인하로164번길,202603~202703,신규,-,,,단독다가구
233,인천광역시 미추홀구 용현동,1**,8m미만,20,월세,202512,21,"2,000",38,1993,인하로77번길,202602~202802,신규,-,,,단독다가구
234,인천광역시 미추홀구 용현동,1**,12m미만,19,월세,202512,21,300,40,2019,경인남길,202602~202702,신규,-,,,단독다가구
235,인천광역시 미추홀구 용현동,2*,12m미만,25,월세,202512,20,500,42,,한나루로477번길,202601~202701,신규,-,,,단독다가구
236,인천광역시 미추홀구 용현동,5**,8m미만,17,월세,202512,20,300,33,,능해길60번길,202512~202612,신규,-,,,단독다가구
237,인천광역시 미추홀구 용현동,9*,12m미만,19,월세,202512,19,200,32,1996,인주대로224번길,202602~202701,신규,-,,,단독다가구
238,인천광역시 미추홀구 용현동,9*,8m미만,16,월세,202512,19,300,50,2017,인하로,202601~202701,신규,-,,,단독다가구
239,인천광역시 미추홀구 용현동,4**,12m미만,36,월세,202512,18,"1,000",30,1995,비룡길,202512~202712,신규,-,,,단독다가구
240,인천광역시 미추홀구 용현동,3*,12m미만,15,월세,202512,18,500,42,1997,인하로163번길,202512~202612,신규,-,,,단독다가구
241,인천광역시 미추홀구 용현동,8*,8m미만,21.45,월세,202512,18,300,37,2002,재넘이길,202602~202702,신규,-,,,단독다가구
242,인천광역시 미추홀구 용현동,1**,12m미만,20,월세,202512,17,300,40,2004,경인남길30번길,202601~202701,신규,-,,,단독다가구
243,인천광역시 미추홀구 용현동,6**,8m미만,16.53,월세,202512,16,300,30,1978,낙섬동로76번길,202512~202712,신규,-,,,단독다가구
244,인천광역시 미추홀구 용현동,6**,8m미만,46.49,전세,202512,15,"6,000",0,2003,낙섬서로10번길,202601~202801,신규,-,,,단독다가구
245,인천광역시 미추홀구 용현동,8*,8m미만,26,월세,202512,15,200,37,2002,재넘이길,202602~202702,신규,-,,,단독다가구
246,인천광역시 미추홀구 용현동,2*,12m미만,23,월세,202512,15,500,42,,한나루로477번길,202601~202701,신규,-,,,단독다가구
247,인천광역시 미추홀구 용현동,1**,25m이상,25,월세,202512,14,300,55,1997,인하로,202602~202702,신규,-,,,단독다가구
248,인천광역시 미추홀구 용현동,9*,8m미만,23.1,월세,202512,14,"3,000",30,1984,인하로119번길,202601~202701,신규,-,,,단독다가구
249,인천광역시 미추홀구 용현동,2*,12m미만,24,월세,202512,13,500,42,,한나루로477번길,202601~202701,신규,-,,,단독다가구
250,인천광역시 미추홀구 용현동,1**,8m미만,20,월세,202512,13,300,45,2002,인하로91번길,202601~202701,신규,-,,,단독다가구
251,인천광역시 미추홀구 용현동,8*,25m이상,18,월세,202512,10,100,30,1972,인하로,202512~202606,신규,-,,,단독다가구
252,인천광역시 미추홀구 용현동,2*,12m미만,24,월세,202512,10,300,46,2001,한나루로477번길,202601~202701,신규,-,,,단독다가구
253,인천광역시 미추홀구 용현동,7*,12m미만,43.44,월세,202512,8,500,40,1995,한나루로501번길,202512~202712,신규,-,,,단독다가구
254,인천광역시 미추홀구 용현동,1**,12m미만,23,월세,202512,8,300,57,2006,경인남길30번길,202601~202701,신규,-,,,단독다가구
255,인천광역시 미추홀구 용현동,1**,12m미만,28,전세,202512,7,"8,000",0,1977,인하로47번길,202601~202801,신규,-,,,단독다가구
256,인천광역시 미추홀구 용현동,9*,8m미만,17,월세,202512,6,300,39,2016,인주대로238번길,202602~202702,신규,-,,,단독다가구
257,인천광역시 미추홀구 용현동,9*,12m미만,23.1,월세,202512,6,"3,000",30,2003,한나루로477번길,202602~202702,신규,-,,,단독다가구
258,인천광역시 미추홀구 용현동,9*,12m미만,19.22,월세,202512,6,300,47,2002,인하로47번길,202601~202701,신규,-,,,단독다가구
259,인천광역시 미추홀구 용현동,1**,12m미만,20,월세,202512,6,100,23,1983,경인남길,202512~202612,신규,-,,,단독다가구
260,인천광역시 미추홀구 용현동,1**,12m미만,18,월세,202512,6,300,38,2018,인하로47번길,202512~202612,신규,-,,,단독다가구
261,인천광역시 미추홀구 용현동,9*,12m미만,25,월세,202512,6,300,50,2016,한나루로489번길,202601~202701,신규,-,,,단독다가구
262,인천광역시 미추홀구 용현동,1**,12m미만,20,월세,202512,5,500,30,1996,경인남길102번길,202602~202702,신규,-,,,단독다가구
263,인천광역시 미추홀구 용현동,1**,8m미만,19,월세,202512,4,300,45,2002,인하로91번길,202602~202702,신규,-,,,단독다가구
264,인천광역시 미추홀구 용현동,1**,12m미만,16.52,월세,202512,3,300,45,,인하로47번길,202602~202702,신규,-,,,단독다가구
265,인천광역시 미추홀구 용현동,1**,8m미만,20,월세,202512,3,200,45,2002,경인남길118번길,202601~202701,신규,-,,,단독다가구
266,인천광역시 미추홀구 용현동,9*,8m미만,20,월세,202512,3,300,38,2002,인하로91번길,202512~202612,신규,-,,,단독다가구
267,인천광역시 미추홀구 용현동,6**,8m미만,35,월세,202512,3,500,51,2004,낙섬서로20번길,202512~202712,신규,-,,,단독다가구
268,인천광역시 미추홀구 용현동,1**,12m미만,20,월세,202512,3,300,41,1997,인하로47번길,202601~202701,신규,-,,,단독다가구
269,인천광역시 미추홀구 용현동,1**,12m미만,19.8,월세,202512,1,300,45,2002,인하로47번길,202602~202702,신규,-,,,단독다가구
270,인천광역시 미추홀구 용현동,1**,8m미만,19,월세,202511,30,300,32,1996,인하로91번길,202512~202612,신규,-,,,단독다가구
271,인천광역시 미추홀구 용현동,6**,8m미만,42,월세,202511,29,500,50,2004,낙섬서로20번길,202512~202712,신규,-,,,단독다가구
272,인천광역시 미추홀구 용현동,9*,12m미만,33,월세,202511,29,500,62,2018,한나루로489번길,202601~202701,신규,-,,,단독다가구
273,인천광역시 미추홀구 용현동,8*,8m미만,19,월세,202511,29,300,43,2008,한나루로463번길,-,-,-,,,단독다가구
274,인천광역시 미추홀구 용현동,5*,12m미만,19,월세,202511,28,200,30,2010,한나루로477번길,202512~202612,신규,-,,,단독다가구
275,인천광역시 미추홀구 용현동,6**,8m미만,53.54,월세,202511,28,700,50,2002,낙섬서로18번길,202512~202712,신규,-,,,단독다가구
276,인천광역시 미추홀구 용현동,6**,8m미만,55,월세,202511,27,"1,000",85,2019,재넘이길,202601~202801,신규,-,,,단독다가구
277,인천광역시 미추홀구 용현동,1**,8m미만,39.9,월세,202511,26,500,65,1993,경인남길30번길,202602~202702,신규,-,,,단독다가구
278,인천광역시 미추홀구 용현동,9*,8m미만,16,월세,202511,25,300,36,2017,인하로,202512~202701,신규,-,,,단독다가구
279,인천광역시 미추홀구 용현동,1**,8m미만,22.13,월세,202511,25,300,42,2002,인하로77번길,202602~202702,신규,-,,,단독다가구
280,인천광역시 미추홀구 용현동,9*,12m미만,19.22,월세,202511,25,300,47,2002,인하로47번길,202601~202701,신규,-,,,단독다가구
281,인천광역시 미추홀구 용현동,1**,12m미만,21.45,월세,202511,25,300,50,2002,인하로47번길,202601~202701,신규,-,,,단독다가구
282,인천광역시 미추홀구 용현동,1**,12m미만,21.45,월세,202511,25,300,50,2002,인하로47번길,202601~202701,신규,-,,,단독다가구
283,인천광역시 미추홀구 용현동,4**,8m미만,38.02,월세,202511,24,500,35,,독정이로33번길,202511~202711,신규,-,,,단독다가구
284,인천광역시 미추홀구 용현동,6*,25m미만,16,월세,202511,24,300,42,2020,한나루로489번길,202601~202701,신규,-,,,단독다가구
285,인천광역시 미추홀구 용현동,6**,25m미만,45.4,월세,202511,23,500,60,,낙섬서로,202601~202701,신규,-,,,단독다가구
286,인천광역시 미추홀구 용현동,5**,8m미만,21,월세,202511,22,300,30,2002,낙섬중로91번길,202511~202611,신규,-,,,단독다가구
287,인천광역시 미추홀구 용현동,8*,8m미만,30,월세,202511,22,300,44,2002,재넘이길,202601~202701,신규,-,,,단독다가구
288,인천광역시 미추홀구 용현동,1**,12m미만,15,월세,202511,22,300,35,1996,경인남길,202601~202702,신규,-,,,단독다가구
289,인천광역시 미추홀구 용현동,8*,12m미만,15,월세,202511,22,300,31,1997,한나루로477번길,202512~202607,신규,-,,,단독다가구
290,인천광역시 미추홀구 용현동,1**,25m이상,21,월세,202511,22,300,55,1997,인하로,202601~202701,신규,-,,,단독다가구
291,인천광역시 미추홀구 용현동,1**,12m미만,21.45,월세,202511,22,300,42,,인하로47번길,202601~202701,신규,-,,,단독다가구
292,인천광역시 미추홀구 용현동,6*,12m미만,21,월세,202511,21,300,46,2020,경인남길102번길,202512~202612,신규,-,,,단독다가구
293,인천광역시 미추홀구 용현동,1**,12m미만,28,월세,202511,21,500,57,,인하로47번길,202601~202701,신규,-,,,단독다가구
294,인천광역시 미추홀구 용현동,5**,8m미만,17,월세,202511,21,300,35,2018,능해길60번길,202511~202611,신규,-,,,단독다가구
295,인천광역시 미추홀구 용현동,6**,8m미만,49,월세,202511,21,"1,000",45,2015,토금중로40번길,202512~202612,신규,-,,,단독다가구
296,인천광역시 미추홀구 용현동,1**,12m미만,28,월세,202511,20,500,57,1977,인하로47번길,202601~202701,신규,-,,,단독다가구
297,인천광역시 미추홀구 용현동,1**,12m미만,28,월세,202511,20,500,57,1977,인하로47번길,202602~202702,신규,-,,,단독다가구
298,인천광역시 미추홀구 용현동,9*,8m미만,16,월세,202511,20,300,50,2017,인하로,202602~202702,신규,-,,,단독다가구
299,인천광역시 미추홀구 용현동,4**,12m미만,40,월세,202511,20,200,30,2003,인주대로137번길,202511~202711,신규,-,,,단독다가구
300,인천광역시 미추홀구 용현동,1**,8m미만,39.6,월세,202511,18,300,50,2004,수봉남로6번길,202511~202711,신규,-,,,단독다가구
301,인천광역시 미추홀구 용현동,2**,8m미만,40,월세,202511,18,300,35,1998,인주대로128번길,202512~202712,신규,-,,,단독다가구
302,인천광역시 미추홀구 용현동,6**,25m미만,25,월세,202511,17,300,40,1997,토금남로,202511~202611,신규,-,,,단독다가구
303,인천광역시 미추홀구 용현동,8*,12m미만,20,월세,202511,16,300,40,1997,한나루로477번길,202602~202702,신규,-,,,단독다가구
304,인천광역시 미추홀구 용현동,1**,8m미만,27,월세,202511,15,"2,000",50,2018,경인남길118번길,202602~202702,신규,-,,,단독다가구
305,인천광역시 미추홀구 용현동,5**,8m미만,29.04,월세,202511,15,300,45,2019,낙섬중로,202512~202612,신규,-,,,단독다가구
306,인천광역시 미추홀구 용현동,4**,12m미만,36,월세,202511,15,"2,000",55,1995,비룡길,202511~202711,신규,-,,,단독다가구
307,인천광역시 미추홀구 용현동,1**,12m미만,20.21,월세,202511,14,500,50,2017,경인남길,202601~202701,신규,-,,,단독다가구
308,인천광역시 미추홀구 용현동,6**,8m미만,30,월세,202511,14,300,37,2018,낙섬서로10번길,202512~202612,신규,-,,,단독다가구
309,인천광역시 미추홀구 용현동,6**,8m미만,24,전세,202511,14,"5,000",0,,토금중로51번길,202512~202712,신규,-,,,단독다가구
310,인천광역시 미추홀구 용현동,1**,12m미만,16,월세,202511,13,300,35,2014,인주대로224번길,202512~202701,신규,-,,,단독다가구
311,인천광역시 미추홀구 용현동,4**,12m미만,35,월세,202511,13,500,45,1996,독정이로33번길,202511~202711,신규,-,,,단독다가구
312,인천광역시 미추홀구 용현동,6**,8m미만,50,월세,202511,12,200,35,2002,낙섬중로46번길,202511~202611,신규,-,,,단독다가구
313,인천광역시 미추홀구 용현동,5**,12m미만,20,월세,202511,12,300,38,2001,독배로403번길,202511~202711,신규,-,,,단독다가구
314,인천광역시 미추홀구 용현동,6**,8m미만,25,월세,202511,11,300,34,2002,토금남로17번길,202512~202611,신규,-,,,단독다가구
315,인천광역시 미추홀구 용현동,2**,8m미만,42,월세,202511,11,300,30,1984,비룡길56번길,202511~202711,갱신,-,300,25,단독다가구
316,인천광역시 미추홀구 용현동,6**,25m미만,20,월세,202511,11,100,30,2002,토금북로,202511~202611,신규,-,,,단독다가구
317,인천광역시 미추홀구 용현동,4**,12m미만,22,월세,202511,10,300,30,1997,독배로404번길,202511~202611,신규,-,,,단독다가구
318,인천광역시 미추홀구 용현동,6**,25m미만,21.68,전세,202511,10,"9,345",0,,용정공원로83번길,202601~202801,갱신,사용,"9,345",0,단독다가구
319,인천광역시 미추홀구 용현동,1**,12m미만,18,월세,202511,6,200,28,1978,인하로47번길,202602~202702,신규,-,,,단독다가구
320,인천광역시 미추홀구 용현동,1**,12m미만,18,월세,202511,6,"3,000",45,1998,인하로91번길,202512~202712,신규,-,,,단독다가구
321,인천광역시 미추홀구 용현동,1**,8m미만,20,월세,202511,4,200,45,2002,인하로67번길,202601~202701,신규,-,,,단독다가구
322,인천광역시 미추홀구 용현동,4**,8m미만,37.44,월세,202511,3,"2,000",15,,독정이로16번길,202511~202711,신규,-,,,단독다가구
323,인천광역시 미추홀구 용현동,7*,8m미만,25,월세,202511,1,300,52,2002,인하로91번길,202601~202701,신규,-,,,단독다가구
324,인천광역시 미추홀구 용현동,6**,8m미만,20,월세,202511,1,300,45,2014,토금남로4번길,202511~202611,신규,-,,,단독다가구
325,인천광역시 미추홀구 용현동,6*,12m미만,49.6,월세,202510,29,"3,000",15,1994,수봉남로18번길,202510~202910,신규,-,,,단독다가구
326,인천광역시 미추홀구 용현동,6**,8m미만,36.3,월세,202510,29,300,45,2002,토금북로11번길,202510~202610,신규,-,,,단독다가구
327,인천광역시 미추홀구 용현동,6**,8m미만,30,월세,202510,29,400,35,2002,용오로16번길,202511~202611,신규,-,,,단독다가구
328,인천광역시 미추홀구 용현동,6**,8m미만,23.56,월세,202510,29,"2,000",25,1997,낙섬서로10번길,202511~202711,신규,-,,,단독다가구
329,인천광역시 미추홀구 용현동,6**,8m미만,26,월세,202510,29,200,28,1997,낙섬중로46번길,202511~202611,신규,-,,,단독다가구
330,인천광역시 미추홀구 용현동,6**,8m미만,26,월세,202510,29,200,30,2009,토금남로17번길,202511~202611,신규,-,,,단독다가구
331,인천광역시 미추홀구 용현동,2**,12m미만,59.67,월세,202510,28,"1,000",60,1976,독배로382번길,202511~202711,신규,-,,,단독다가구
332,인천광역시 미추홀구 용현동,9*,8m미만,30,월세,202510,27,200,50,2004,경인남길118번길,202511~202612,신규,-,,,단독다가구
333,인천광역시 미추홀구 용현동,6**,12m미만,17,월세,202510,25,200,30,2019,토금북로28번길,202511~202611,신규,-,,,단독다가구
334,인천광역시 미추홀구 용현동,1**,12m미만,28,전세,202510,25,"8,000",0,1977,인하로47번길,202512~202712,신규,-,,,단독다가구
335,인천광역시 미추홀구 용현동,6**,8m미만,23.1,월세,202510,25,300,30,2002,토금북로11번길,202510~202610,신규,-,,,단독다가구
336,인천광역시 미추홀구 용현동,5**,8m미만,38.2,월세,202510,24,"1,000",29,2002,능해길46번길,202510~202710,갱신,-,"1,000",29,단독다가구
337,인천광역시 미추홀구 용현동,1**,8m미만,53.25,월세,202510,22,500,55,1978,재넘이길,202511~202711,신규,-,,,단독다가구
338,인천광역시 미추홀구 용현동,6**,12m미만,50,월세,202510,21,"1,000",55,2017,낙섬중로67번길,202511~202611,신규,-,,,단독다가구
339,인천광역시 미추홀구 용현동,6**,8m미만,28,월세,202510,20,300,41,2018,낙섬서로10번길,202510~202610,신규,-,,,단독다가구
340,인천광역시 미추홀구 용현동,6**,8m미만,42.9,월세,202510,19,"1,000",50,2002,토금북로11번길,202510~202710,신규,-,,,단독다가구
341,인천광역시 미추홀구 용현동,*,12m미만,35,월세,202510,19,100,30,1992,수봉로128번길,202511~202711,신규,-,,,단독다가구
342,인천광역시 미추홀구 용현동,6**,8m미만,55.66,월세,202510,17,500,60,2015,매소홀로,202511~202611,신규,-,,,단독다가구
343,인천광역시 미추홀구 용현동,2**,8m미만,37.2,월세,202510,17,400,30,1996,비룡길78번길,202511~202710,신규,-,,,단독다가구
344,인천광역시 미추홀구 용현동,3**,12m미만,38.47,월세,202510,16,500,35,1980,독배로382번길,202510~202710,신규,-,,,단독다가구
345,인천광역시 미추홀구 용현동,6**,8m미만,51,월세,202510,16,500,55,2011,낙섬서로18번길,202510~202610,신규,-,,,단독다가구
346,인천광역시 미추홀구 용현동,4*,8m미만,28.7,월세,202510,16,200,45,2019,한나루로457번길,202511~202605,신규,-,,,단독다가구
347,인천광역시 미추홀구 용현동,5**,12m미만,19,전세,202510,14,"4,000",0,2001,독배로403번길,202510~202710,신규,-,,,단독다가구
348,인천광역시 미추홀구 용현동,6**,8m미만,25,월세,202510,14,100,28,2001,토금북로57번길,202510~202610,신규,-,,,단독다가구
349,인천광역시 미추홀구 용현동,6**,8m미만,30,월세,202510,10,300,33,2014,낙섬서로18번길,202510~202610,신규,-,,,단독다가구
350,인천광역시 미추홀구 용현동,4*,12m미만,49,월세,202510,2,500,45,1983,재넘이길,202510~202710,신규,-,,,단독다가구
351,인천광역시 미추홀구 용현동,5**,8m미만,20,월세,202510,1,200,30,2002,아암대로45번길,202511~202711,신규,-,,,단독다가구
352,인천광역시 미추홀구 용현동,6**,8m미만,20,월세,202510,1,500,43,2019,토금중로47번길,202510~202610,신규,-,,,단독다가구
353,인천광역시 미추홀구 용현동,6**,8m미만,24,월세,202510,1,"5,000",20,2000,토금중로51번길,202511~202711,신규,-,,,단독다가구
354,인천광역시 미추홀구 용현동,6**,8m미만,57.22,월세,202509,30,"5,000",40,2002,낙섬서로10번길,202511~202711,신규,-,,,단독다가구
355,인천광역시 미추홀구 용현동,6**,8m미만,33,월세,202509,30,400,35,2002,토금북로11번길,202510~202609,신규,-,,,단독다가구
356,인천광역시 미추홀구 용현동,6**,8m미만,30.09,월세,202509,29,500,43,,토금중로47번길,202510~202610,신규,-,,,단독다가구
357,인천광역시 미추홀구 용현동,2**,8m미만,44.29,월세,202509,24,600,25,1977,비룡길78번길,202509~202709,신규,-,,,단독다가구
358,인천광역시 미추홀구 용현동,9*,12m미만,20,월세,202509,24,200,30,2003,경인남길102번길,202510~202608,신규,-,,,단독다가구
359,인천광역시 미추홀구 용현동,2**,8m미만,23,월세,202509,24,100,30,2002,독배로376번길,202510~202610,신규,-,,,단독다가구
360,인천광역시 미추홀구 용현동,6**,8m미만,43.55,전세,202509,23,"6,000",0,2006,낙섬서로10번길,202510~202710,신규,-,,,단독다가구
361,인천광역시 미추홀구 용현동,4*,12m미만,23.1,월세,202509,22,300,45,2001,인하로134번길,202509~202608,신규,-,,,단독다가구
362,인천광역시 미추홀구 용현동,6**,8m미만,24,월세,202509,22,150,20,1986,매소홀로53번길,202510~202610,신규,-,,,단독다가구
363,인천광역시 미추홀구 용현동,8*,12m미만,16.5,월세,202509,21,200,30,1980,인하로134번길,202509~202607,신규,-,,,단독다가구
364,인천광역시 미추홀구 용현동,5**,8m미만,29,월세,202509,20,500,45,2017,아암대로29번길,202509~202609,신규,-,,,단독다가구
365,인천광역시 미추홀구 용현동,5**,12m미만,18,월세,202509,19,300,40,2021,낙섬중로91번길,202509~202609,신규,-,,,단독다가구
366,인천광역시 미추홀구 용현동,4*,8m미만,55,월세,202509,16,"1,000",55,1977,인하로,202511~202611,신규,-,,,단독다가구
367,인천광역시 미추홀구 용현동,5**,8m미만,23,전세,202509,15,"3,000",0,2001,낙섬중로91번길,202509~202709,신규,-,,,단독다가구
368,인천광역시 미추홀구 용현동,6**,8m미만,49.5,월세,202509,12,"1,000",70,2019,매소홀로,202509~202709,신규,-,,,단독다가구
369,인천광역시 미추홀구 용현동,3*,12m미만,18,월세,202509,12,300,35,1997,인하로163번길,202509~202609,신규,-,,,단독다가구
370,인천광역시 미추홀구 용현동,6**,8m미만,21,월세,202509,11,150,45,1987,토금남로4번길,202509~202609,신규,-,,,단독다가구
371,인천광역시 미추홀구 용현동,5**,8m미만,16,월세,202509,6,300,37,2015,낙섬중로,202509~202609,신규,-,,,단독다가구
372,인천광역시 미추홀구 용현동,4*,8m미만,26.7,월세,202509,5,300,45,2019,한나루로457번길,202509~202603,신규,-,,,단독다가구
373,인천광역시 미추홀구 용현동,6**,8m미만,27.96,월세,202509,5,300,36,2019,낙섬서로18번길,202509~202602,신규,-,,,단독다가구
374,인천광역시 미추홀구 용현동,9*,8m미만,19,월세,202509,1,200,38,2014,한나루로489번길,202509~202607,신규,-,,,단독다가구
375,인천광역시 미추홀구 용현동,1**,12m미만,18.6,월세,202508,31,200,35,1992,경인남길30번길,202508~202608,신규,-,,,단독다가구
376,인천광역시 미추홀구 용현동,6**,25m미만,23,월세,202508,30,300,40,2002,낙섬서로,-,-,-,,,단독다가구
377,인천광역시 미추홀구 용현동,6**,8m미만,20,월세,202508,30,300,35,2009,낙섬서로18번길,202508~202708,신규,-,,,단독다가구
378,인천광역시 미추홀구 용현동,1**,12m미만,25,월세,202508,29,300,50,1999,경인남길,202509~202608,신규,-,,,단독다가구
379,인천광역시 미추홀구 용현동,6**,8m미만,35,월세,202508,29,"1,000",55,2017,토금북로28번길,202509~202609,신규,-,,,단독다가구
380,인천광역시 미추홀구 용현동,1**,8m미만,25,월세,202508,29,500,42,2003,인주대로198번길,202509~202608,신규,-,,,단독다가구
381,인천광역시 미추홀구 용현동,1**,12m미만,20,월세,202508,28,300,42,2003,경인남길,202509~202607,신규,-,,,단독다가구
382,인천광역시 미추홀구 용현동,1**,12m미만,18.11,월세,202508,28,300,45,1994,경인남길,202508~202608,신규,-,,,단독다가구
383,인천광역시 미추홀구 용현동,1**,12m미만,23,월세,202508,28,300,47,1999,경인남길,202509~202512,신규,-,,,단독다가구
384,인천광역시 미추홀구 용현동,6**,8m미만,32.2,월세,202508,27,500,48,2018,토금남로27번길,202508~202608,신규,-,,,단독다가구
385,인천광역시 미추홀구 용현동,7*,8m미만,17,월세,202508,25,200,36,1997,인하로91번길,202508~202512,신규,-,,,단독다가구
386,인천광역시 미추홀구 용현동,4*,8m미만,56,전세,202508,24,"6,000",0,1977,한나루로463번길,202509~202709,신규,-,,,단독다가구
387,인천광역시 미추홀구 용현동,6**,12m미만,21,월세,202508,23,300,36,2013,낙섬중로77번길,202509~202609,신규,-,,,단독다가구
388,인천광역시 미추홀구 용현동,3*,8m미만,33,월세,202508,23,300,42,1996,한나루로463번길,202508~202608,신규,-,,,단독다가구
389,인천광역시 미추홀구 용현동,4*,8m미만,29.7,월세,202508,22,200,43,1993,재넘이길,202508~202608,신규,-,,,단독다가구
390,인천광역시 미추홀구 용현동,6**,12m미만,43,월세,202508,22,"6,000",25,2016,낙섬서로50번길,202510~202710,신규,-,,,단독다가구
391,인천광역시 미추홀구 용현동,1**,12m미만,20,월세,202508,20,300,50,,인하로47번길,202508~202608,신규,-,,,단독다가구
392,인천광역시 미추홀구 용현동,1**,12m미만,20,월세,202508,19,300,37,2002,인하로47번길,202508~202608,갱신,사용,300,37,단독다가구
393,인천광역시 미추홀구 용현동,1**,12m미만,20,월세,202508,19,300,37,2002,인하로47번길,202508~202608,갱신,사용,300,37,단독다가구
394,인천광역시 미추홀구 용현동,8*,12m미만,20,월세,202508,16,300,40,1997,한나루로477번길,202508~202608,신규,-,,,단독다가구
395,인천광역시 미추홀구 용현동,9*,8m미만,16,월세,202508,16,300,55,2017,인하로,-,-,-,,,단독다가구
396,인천광역시 미추홀구 용현동,6**,25m미만,25,월세,202508,16,300,35,2002,낙섬서로,202508~202608,신규,-,,,단독다가구
397,인천광역시 미추홀구 용현동,1**,12m미만,20,월세,202508,15,500,50,2017,경인남길,-,-,-,,,단독다가구
398,인천광역시 미추홀구 용현동,1**,8m미만,24,월세,202508,14,500,64,1977,인주대로,202508~202608,신규,-,,,단독다가구
399,인천광역시 미추홀구 용현동,6**,8m미만,33,월세,202508,14,"1,000",57,2018,낙섬서로10번길,202508~202608,신규,-,,,단독다가구
400,인천광역시 미추홀구 용현동,7*,12m미만,20,월세,202508,14,300,43,2012,경인남길102번길,202508~202608,신규,-,,,단독다가구
401,인천광역시 미추홀구 용현동,6**,25m미만,25,월세,202508,14,300,35,2002,낙섬서로,202508~202608,신규,-,,,단독다가구
402,인천광역시 미추홀구 용현동,4**,8m미만,34,월세,202508,13,300,30,1993,인주대로128번길,202508~202708,신규,-,,,단독다가구
403,인천광역시 미추홀구 용현동,1**,12m미만,17,월세,202508,12,168,30,2001,경인남길30번길,202508~202607,신규,-,,,단독다가구
404,인천광역시 미추홀구 용현동,8*,8m미만,21.45,월세,202508,10,300,45,1993,재넘이길,202508~202608,신규,-,,,단독다가구
405,인천광역시 미추홀구 용현동,6**,8m미만,25,월세,202508,9,300,47,2017,토금중로47번길,202508~202708,신규,-,,,단독다가구
406,인천광역시 미추홀구 용현동,2*,12m미만,37.5,월세,202508,8,500,60,1994,한나루로477번길,202508~202608,신규,-,,,단독다가구
407,인천광역시 미추홀구 용현동,6**,8m미만,30,월세,202508,5,200,40,2002,토금남로17번길,202508~202601,신규,-,,,단독다가구
408,인천광역시 미추홀구 용현동,1**,12m미만,20,월세,202508,5,300,37,2002,인하로47번길,202508~202608,신규,-,,,단독다가구
409,인천광역시 미추홀구 용현동,6**,8m미만,30,월세,202508,4,200,37,2001,토금중로51번길,202508~202608,신규,-,,,단독다가구
410,인천광역시 미추홀구 용현동,1**,8m미만,25,월세,202508,3,500,44,2003,인주대로198번길,202508~202607,신규,-,,,단독다가구
411,인천광역시 미추홀구 용현동,4*,8m미만,56,전세,202508,2,"6,000",0,1977,한나루로463번길,202509~202709,신규,-,,,단독다가구
412,인천광역시 미추홀구 용현동,9*,12m미만,33,월세,202508,1,300,52,1996,한나루로477번길,202508~202607,신규,-,,,단독다가구
413,인천광역시 미추홀구 용현동,1**,12m미만,18,월세,202508,1,100,25,1987,경인남길30번길,202508~202602,신규,-,,,단독다가구
414,인천광역시 미추홀구 용현동,6**,25m미만,28.49,월세,202508,1,"1,000",34,,용정공원로83번길,202508~202607,신규,-,,,단독다가구
415,인천광역시 미추홀구 용현동,6**,8m미만,57.22,전세,202508,1,"13,000",0,2002,낙섬서로10번길,202508~202708,갱신,-,"13,000",0,단독다가구
416,인천광역시 미추홀구 용현동,6**,12m미만,55,월세,202507,31,500,60,1998,토금북로11번길,202508~202708,신규,-,,,단독다가구
417,인천광역시 미추홀구 용현동,1**,8m미만,19,월세,202507,28,300,40,1993,경인남길30번길,202508~202608,신규,-,,,단독다가구
418,인천광역시 미추홀구 용현동,9*,12m미만,13,월세,202507,28,100,26,1996,경인남길102번길,202508~202608,신규,-,,,단독다가구
419,인천광역시 미추홀구 용현동,9*,12m미만,40,월세,202507,28,300,60,1991,경인남길102번길,202508~202608,신규,-,,,단독다가구
420,인천광역시 미추홀구 용현동,1**,8m미만,19,월세,202507,28,300,45,2002,인하로91번길,202507~202601,신규,-,,,단독다가구
421,인천광역시 미추홀구 용현동,6**,8m미만,27.83,월세,202507,28,300,50,2016,매소홀로,202507~202601,신규,-,,,단독다가구
422,인천광역시 미추홀구 용현동,1**,12m미만,18,월세,202507,25,300,55,2018,인하로47번길,202508~202608,신규,-,,,단독다가구
423,인천광역시 미추홀구 용현동,8*,8m미만,24,월세,202507,24,200,40,2002,재넘이길,202508~202608,신규,-,,,단독다가구
424,인천광역시 미추홀구 용현동,1**,12m미만,20,전세,202507,24,"4,000",0,1999,경인남길,202508~202708,신규,-,,,단독다가구
425,인천광역시 미추홀구 용현동,1**,8m미만,17,월세,202507,24,"3,500",23,2018,인하로77번길,202508~202708,신규,-,,,단독다가구
426,인천광역시 미추홀구 용현동,6**,8m미만,31.6,월세,202507,24,200,45,2011,낙섬서로18번길,202508~202708,신규,-,,,단독다가구
427,인천광역시 미추홀구 용현동,6**,12m미만,45,월세,202507,23,"1,000",40,1987,낙섬중로35번길,202508~202708,신규,-,,,단독다가구
428,인천광역시 미추홀구 용현동,1**,8m미만,51.07,전세,202507,17,"13,000",0,1972,경인북길251번길,202508~202708,신규,-,,,단독다가구
429,인천광역시 미추홀구 용현동,6*,12m미만,22,월세,202507,17,500,44,2002,경인남길102번길,202507~202701,신규,-,,,단독다가구
430,인천광역시 미추홀구 용현동,1**,12m미만,47.88,월세,202507,17,500,60,2016,인하로47번길,202508~202608,신규,-,,,단독다가구
431,인천광역시 미추홀구 용현동,4**,8m미만,45.5,전세,202507,17,"2,000",0,1994,독정이로16번길,202508~202708,신규,-,,,단독다가구
432,인천광역시 미추홀구 용현동,6**,8m미만,28,월세,202507,17,500,40,2018,토금북로28번길,202507~202607,신규,-,,,단독다가구
433,인천광역시 미추홀구 용현동,1**,8m미만,17,월세,202507,16,300,43,2015,경인남길30번길,202507~202607,갱신,-,300,47,단독다가구
434,인천광역시 미추홀구 용현동,4*,8m미만,20,월세,202507,14,300,40,2014,재넘이길,202508~202608,신규,-,,,단독다가구
435,인천광역시 미추홀구 용현동,1**,8m미만,20,전세,202507,14,"4,000",0,2002,인주대로198번길,202507~202707,신규,-,,,단독다가구
436,인천광역시 미추홀구 용현동,1**,12m미만,16.5,월세,202507,14,300,40,2020,경인남길30번길,202507~202601,신규,-,,,단독다가구
437,인천광역시 미추홀구 용현동,6**,8m미만,50,월세,202507,12,"3,000",45,2019,낙섬서로10번길,202509~202708,신규,-,,,단독다가구
438,인천광역시 미추홀구 용현동,2*,8m미만,36.3,월세,202507,11,500,35,1994,한나루로,202507~202707,신규,-,,,단독다가구
439,인천광역시 미추홀구 용현동,5**,8m미만,50,월세,202507,10,"1,000",35,1995,아암대로29번길,202507~202707,신규,-,,,단독다가구
440,인천광역시 미추홀구 용현동,1**,8m미만,20,월세,202507,10,300,45,2015,경인남길30번길,202507~202607,신규,-,,,단독다가구
441,인천광역시 미추홀구 용현동,5**,8m미만,41.8,전세,202507,9,"6,200",0,,토금북로57번길,202508~202708,신규,-,,,단독다가구
442,인천광역시 미추홀구 용현동,3*,25m이상,30,월세,202507,9,300,30,1992,인하로,202507~202607,신규,-,,,단독다가구
443,인천광역시 미추홀구 용현동,8*,12m미만,19,월세,202507,7,150,34,1998,한나루로477번길,202507~202607,신규,-,,,단독다가구
444,인천광역시 미추홀구 용현동,6**,8m미만,40,월세,202507,7,500,70,2019,재넘이길,202508~202607,신규,-,,,단독다가구
445,인천광역시 미추홀구 용현동,1**,8m미만,15,월세,202507,7,300,37,2014,경인남길30번길,202508~202608,신규,-,,,단독다가구
446,인천광역시 미추홀구 용현동,6**,25m미만,23,월세,202507,7,300,30,2002,토금북로,202507~202707,신규,-,,,단독다가구
447,인천광역시 미추홀구 용현동,1**,12m미만,17,월세,202507,5,200,26,2001,경인남길102번길,202507~202607,신규,-,,,단독다가구
448,인천광역시 미추홀구 용현동,1**,12m미만,16.22,월세,202507,5,300,41,2012,인하로47번길,202508~202608,신규,-,,,단독다가구
449,인천광역시 미추홀구 용현동,8*,8m미만,20,월세,202507,5,200,40,2002,재넘이길,202507~202607,신규,-,,,단독다가구
450,인천광역시 미추홀구 용현동,6*,25m미만,23,월세,202507,3,300,35,1992,한나루로489번길,202507~202607,신규,-,,,단독다가구
451,인천광역시 미추홀구 용현동,8*,8m미만,26.44,월세,202507,3,100,40,,재넘이길,202507~202607,신규,-,,,단독다가구
452,인천광역시 미추홀구 용현동,6**,12m미만,20,월세,202507,2,500,35,2018,낙섬중로77번길,202507~202607,신규,-,,,단독다가구
453,인천광역시 미추홀구 용현동,9*,25m이상,18,월세,202507,1,200,35,1990,인하로,202507~202601,신규,-,,,단독다가구
454,인천광역시 미추홀구 용현동,9*,8m미만,20,월세,202507,1,300,30,2002,인하로91번길,202508~202608,신규,-,,,단독다가구
455,인천광역시 미추홀구 용현동,9*,8m미만,18,월세,202507,1,300,47,2016,한나루로477번길,202507~202607,신규,-,,,단독다가구
456,인천광역시 미추홀구 용현동,1**,8m미만,39.66,월세,202507,1,500,38,1969,비룡길23번길,202507~202707,신규,-,,,단독다가구
457,인천광역시 미추홀구 용현동,8*,8m미만,20,월세,202507,1,200,30,1998,한나루로463번길,202507~202607,신규,-,,,단독다가구
458,인천광역시 미추홀구 용현동,5**,12m미만,47.46,월세,202507,1,"1,000",50,2002,아암대로45번길,202507~202706,신규,-,,,단독다가구
459,인천광역시 미추홀구 용현동,1**,8m미만,59.83,전세,202506,30,"15,900",0,1978,경인북길303번길,202506~202706,갱신,-,"15,900",0,단독다가구
460,인천광역시 미추홀구 용현동,4**,8m미만,39,월세,202506,30,500,40,1994,인주대로128번길,202507~202707,신규,-,,,단독다가구
461,인천광역시 미추홀구 용현동,1*,8m미만,36.5,월세,202506,30,300,25,1974,한나루로489번길,202507~202707,신규,-,,,단독다가구
462,인천광역시 미추홀구 용현동,7*,8m미만,20,월세,202506,30,200,30,2001,인하로133번길,202508~202608,신규,-,,,단독다가구
463,인천광역시 미추홀구 용현동,1**,8m미만,59.83,전세,202506,30,"15,100",0,1978,경인북길303번길,202506~202706,갱신,-,"15,900",0,단독다가구
464,인천광역시 미추홀구 용현동,6**,8m미만,28.07,월세,202506,26,300,39,2019,낙섬서로18번길,202507~202607,신규,-,,,단독다가구
465,인천광역시 미추홀구 용현동,9*,12m미만,25,월세,202506,25,300,60,2020,경인남길102번길,202508~202607,신규,-,,,단독다가구
466,인천광역시 미추홀구 용현동,6**,8m미만,40,월세,202506,24,"1,000",43,1997,낙섬서로18번길,202507~202707,신규,-,,,단독다가구
467,인천광역시 미추홀구 용현동,6*,25m미만,16,월세,202506,23,300,42,2020,한나루로489번길,202508~202608,신규,-,,,단독다가구
468,인천광역시 미추홀구 용현동,4**,25m미만,19.83,월세,202506,23,300,20,1985,독정이로,202508~202708,신규,-,,,단독다가구
469,인천광역시 미추홀구 용현동,9*,12m미만,24,월세,202506,21,300,40,,인하로47번길,202508~202608,신규,-,,,단독다가구
470,인천광역시 미추홀구 용현동,9*,12m미만,24,월세,202506,20,300,40,2001,인하로47번길,202507~202607,신규,-,,,단독다가구
471,인천광역시 미추홀구 용현동,6**,8m미만,26,월세,202506,20,300,40,2009,토금남로17번길,202506~202606,신규,-,,,단독다가구
472,인천광역시 미추홀구 용현동,1**,8m미만,22,전세,202506,19,"4,500",0,2002,인주대로198번길,202508~202802,신규,-,,,단독다가구
473,인천광역시 미추홀구 용현동,1**,8m미만,19.8,월세,202506,19,200,30,1998,경인북길,202506~202706,신규,-,,,단독다가구
474,인천광역시 미추홀구 용현동,1**,8m미만,25,월세,202506,19,500,54,2003,인주대로198번길,202507~202607,신규,-,,,단독다가구
475,인천광역시 미추홀구 용현동,4*,8m미만,36.36,월세,202506,18,500,35,1985,한나루로457번길,202507~202707,신규,-,,,단독다가구
476,인천광역시 미추홀구 용현동,1**,8m미만,20,월세,202506,17,300,38,,인하로91번길,202507~202607,신규,-,,,단독다가구
477,인천광역시 미추홀구 용현동,9*,12m미만,33,월세,202506,17,300,55,1996,한나루로477번길,202507~202607,신규,-,,,단독다가구
478,인천광역시 미추홀구 용현동,6**,12m미만,20,월세,202506,17,400,40,2013,낙섬중로77번길,202506~202706,신규,-,,,단독다가구
479,인천광역시 미추홀구 용현동,6**,8m미만,44.01,전세,202506,17,"7,350",0,1982,낙섬중로35번길,202506~202706,갱신,-,"7,000",0,단독다가구
480,인천광역시 미추홀구 용현동,9*,12m미만,19.22,월세,202506,16,300,47,2002,인하로47번길,202508~202607,신규,-,,,단독다가구
481,인천광역시 미추홀구 용현동,1**,8m미만,33,월세,202506,15,500,65,1994,인하로91번길,202507~202607,신규,-,,,단독다가구
482,인천광역시 미추홀구 용현동,7*,8m미만,24,월세,202506,15,200,34,2003,인하로119번길,202506~202606,신규,-,,,단독다가구
483,인천광역시 미추홀구 용현동,2*,8m미만,51.69,월세,202506,14,500,45,2002,한나루로,202506~202706,신규,-,,,단독다가구
484,인천광역시 미추홀구 용현동,1**,25m이상,25,월세,202506,14,300,40,1997,인하로,-,-,-,,,단독다가구
485,인천광역시 미추홀구 용현동,1**,12m미만,20,월세,202506,14,"1,000",30,1996,경인남길102번길,202507~202607,신규,-,,,단독다가구
486,인천광역시 미추홀구 용현동,4*,12m미만,23.1,월세,202506,13,"3,000",25,2001,인하로134번길,202508~202608,신규,-,,,단독다가구
487,인천광역시 미추홀구 용현동,5**,8m미만,49.06,전세,202506,13,"8,000",0,2015,낙섬중로91번길,202508~202708,신규,-,,,단독다가구
488,인천광역시 미추홀구 용현동,6**,8m미만,52,전세,202506,12,"8,500",0,2014,낙섬중로,202507~202707,갱신,사용,"8,500",0,단독다가구
489,인천광역시 미추홀구 용현동,6**,8m미만,55,전세,202506,10,"9,000",0,2005,매소홀로,202506~202706,갱신,-,"9,000",0,단독다가구
490,인천광역시 미추홀구 용현동,6**,8m미만,29.75,월세,202506,10,"2,000",35,1998,토금남로13번길,202506~202606,신규,-,,,단독다가구
491,인천광역시 미추홀구 용현동,6**,8m미만,30,월세,202506,9,300,35,2002,용오로16번길,202506~202606,신규,-,,,단독다가구
492,인천광역시 미추홀구 용현동,6**,12m미만,43,월세,202506,9,"4,800",33,2016,낙섬서로50번길,202506~202706,신규,-,,,단독다가구
493,인천광역시 미추홀구 용현동,6**,8m미만,40,월세,202506,9,"1,000",55,2018,낙섬서로10번길,202506~202606,신규,-,,,단독다가구
494,인천광역시 미추홀구 용현동,6**,25m미만,57.2,월세,202506,7,500,60,2011,토금북로,202506~202706,신규,-,,,단독다가구
495,인천광역시 미추홀구 용현동,1**,8m미만,45.12,월세,202506,4,200,35,1956,인주대로174번길,202507~202707,신규,-,,,단독다가구
496,인천광역시 미추홀구 용현동,6**,8m미만,48,월세,202506,4,"1,000",60,2015,낙섬서로18번길,202506~202706,신규,-,,,단독다가구
497,인천광역시 미추홀구 용현동,1**,8m미만,45,월세,202506,4,300,60,2003,경인남길118번길,202506~202606,신규,-,,,단독다가구
498,인천광역시 미추홀구 용현동,1**,8m미만,17.1,월세,202506,3,300,45,1993,경인남길30번길,202506~202602,신규,-,,,단독다가구
499,인천광역시 미추홀구 용현동,6**,25m미만,23,월세,202506,3,300,30,2002,토금북로,202506~202606,신규,-,,,단독다가구
500,인천광역시 미추홀구 용현동,9*,12m미만,18,전세,202506,2,"4,000",0,1995,경인남길102번길,202508~202708,갱신,-,"4,000",0,단독다가구
501,인천광역시 미추홀구 용현동,6**,8m미만,26,월세,202506,2,200,40,2009,토금남로17번길,202506~202606,신규,-,,,단독다가구
502,인천광역시 미추홀구 용현동,8*,12m미만,22,월세,202506,2,200,38,2008,한나루로477번길,202506~202606,신규,-,,,단독다가구
503,인천광역시 미추홀구 용현동,7*,8m미만,18,월세,202505,31,"3,000",20,1993,인하로119번길,-,-,-,,,단독다가구
504,인천광역시 미추홀구 용현동,3*,25m이상,20,월세,202505,30,500,37,1998,인하로,202506~202606,신규,-,,,단독다가구
505,인천광역시 미추홀구 용현동,6**,8m미만,20,월세,202505,30,300,30,2016,낙섬서로18번길,202506~202606,신규,-,,,단독다가구
506,인천광역시 미추홀구 용현동,6**,8m미만,27.96,월세,202505,28,300,36,2019,낙섬서로18번길,202505~202602,신규,-,,,단독다가구
507,인천광역시 미추홀구 용현동,5**,8m미만,17,월세,202505,28,300,35,2018,능해길60번길,202506~202606,신규,-,,,단독다가구
508,인천광역시 미추홀구 용현동,6**,8m미만,51,월세,202505,28,500,45,1997,토금남로33번길,202505~202605,신규,-,,,단독다가구
509,인천광역시 미추홀구 용현동,9*,8m미만,60,월세,202505,25,150,38,1996,한나루로477번길,202505~202605,신규,-,,,단독다가구
510,인천광역시 미추홀구 용현동,1**,12m미만,20,월세,202505,24,300,50,2016,경인남길,202506~202607,신규,-,,,단독다가구
511,인천광역시 미추홀구 용현동,6**,8m미만,20,월세,202505,20,200,30,,용오로16번길,202505~202704,신규,-,,,단독다가구
512,인천광역시 미추홀구 용현동,6**,25m미만,48,월세,202505,19,500,30,1989,낙섬서로,202505~202705,신규,-,,,단독다가구
513,인천광역시 미추홀구 용현동,7*,12m미만,34.92,월세,202505,18,300,30,1993,한나루로477번길,202606~202705,신규,-,,,단독다가구
514,인천광역시 미추홀구 용현동,6**,8m미만,18,월세,202505,17,500,40,2021,낙섬중로67번길,-,-,-,,,단독다가구
515,인천광역시 미추홀구 용현동,5*,8m미만,49.59,월세,202505,17,"2,000",50,,한나루로477번길,202505~202705,신규,-,,,단독다가구
516,인천광역시 미추홀구 용현동,6**,8m미만,36,월세,202505,16,400,35,1987,토금중로30번길,202505~202705,신규,-,,,단독다가구
517,인천광역시 미추홀구 용현동,6**,8m미만,26,월세,202505,15,500,48,2018,토금남로27번길,-,-,-,,,단독다가구
518,인천광역시 미추홀구 용현동,6**,12m미만,23,월세,202505,14,300,35,,토금북로18번길,202505~202605,신규,-,,,단독다가구
519,인천광역시 미추홀구 용현동,6**,8m미만,31,월세,202505,14,300,30,2003,토금북로18번길,202505~202605,신규,-,,,단독다가구
520,인천광역시 미추홀구 용현동,7*,12m미만,15,월세,202505,14,100,30,2012,한나루로501번길,-,-,-,,,단독다가구
521,인천광역시 미추홀구 용현동,6**,8m미만,27.84,월세,202505,13,500,45,2014,낙섬서로10번길,202505~202605,신규,-,,,단독다가구
522,인천광역시 미추홀구 용현동,5**,12m미만,33,월세,202505,12,500,50,1998,능해길46번길,202505~202704,신규,-,,,단독다가구
523,인천광역시 미추홀구 용현동,6**,8m미만,50,월세,202505,8,"1,000",65,,낙섬서로10번길,202505~202605,신규,-,,,단독다가구
524,인천광역시 미추홀구 용현동,1**,12m미만,41.58,월세,202505,8,300,50,2003,경인남길102번길,202505~202705,신규,-,,,단독다가구
525,인천광역시 미추홀구 용현동,6**,25m미만,50,월세,202505,7,500,61,2016,토금북로,202505~202605,신규,-,,,단독다가구
526,인천광역시 미추홀구 용현동,6**,8m미만,20,월세,202505,3,300,33,2002,토금남로17번길,202505~202605,신규,-,,,단독다가구
527,인천광역시 미추홀구 용현동,6**,8m미만,20,월세,202505,3,500,43,2019,토금중로47번길,202505~202605,신규,-,,,단독다가구
528,인천광역시 미추홀구 용현동,4*,8m미만,56,전세,202505,2,"6,000",0,1977,한나루로463번길,202505~202705,신규,-,,,단독다가구
529,인천광역시 미추홀구 용현동,3**,25m이상,30.08,월세,202505,1,200,20,1985,독배로,202505~202605,신규,-,,,단독다가구
530,인천광역시 미추홀구 용현동,6**,8m미만,50,월세,202504,30,500,40,2002,토금북로11번길,202505~202605,신규,-,,,단독다가구
531,인천광역시 미추홀구 용현동,9*,12m미만,20,월세,202504,30,300,40,1995,인하로105번길,202505~202607,신규,-,,,단독다가구
532,인천광역시 미추홀구 용현동,3*,8m미만,57.12,전세,202504,29,"4,000",0,1995,한나루로463번길,202505~202705,신규,-,,,단독다가구
533,인천광역시 미추홀구 용현동,1**,12m미만,15,월세,202504,29,100,20,2001,인하로105번길,202504~202604,신규,-,,,단독다가구
534,인천광역시 미추홀구 용현동,4**,8m미만,59.9,월세,202504,28,"1,000",55,1978,비룡길56번길,202505~202705,신규,-,,,단독다가구
535,인천광역시 미추홀구 용현동,6**,8m미만,42,월세,202504,24,300,35,2008,낙섬서로10번길,202504~202604,신규,-,,,단독다가구
536,인천광역시 미추홀구 용현동,5**,12m미만,20,월세,202504,23,300,30,1997,아암대로29번길,202505~202705,신규,-,,,단독다가구
537,인천광역시 미추홀구 용현동,5**,12m미만,18,월세,202504,23,500,40,2021,낙섬중로91번길,202504~202604,신규,-,,,단독다가구
538,인천광역시 미추홀구 용현동,6**,8m미만,50,전세,202504,22,"6,700",0,2014,낙섬서로10번길,202505~202705,신규,-,,,단독다가구
539,인천광역시 미추홀구 용현동,6**,8m미만,50,전세,202504,22,"6,700",0,2014,낙섬서로10번길,202505~202705,신규,-,,,단독다가구
540,인천광역시 미추홀구 용현동,5**,8m미만,16,전세,202504,21,"3,000",0,2002,능해길46번길,202505~202705,신규,-,,,단독다가구
